{
    "last_lat": -21.47,
    "last_lon": 125.65,
    "lat_step": 0.7335582361226505,
    "lon_step": 0.5056522523532463,
    "stores_found": 4244
}