,Aldi,Coles,Iga,Woolworths
Aldi,100.0,0.0,0.0,0.0
Coles,0.0,100.0,0.0,0.0
Iga,0.0,0.0,100.0,30.43790954131373
Woolworths,0.0,0.0,42.32222222222222,100.0
